{
	"Ten": "Sách khoa học 3",
	"Ma_so": "Sach_3",
	"Don_gia_Ban": "654000",
	"Mo_ta": "Theo tôi, thuật ngữ đồ sứ ký kiểu không quá rườm rà nhưng giải quyết được ba vấn đề: cấu tạo vật chất của sự vật, phương thức ra đời của sự vật vàthời gian ra đời của sự vật. Đó là lý do tại sao tôi đưa ra thuật ngữ đồ sứ ký kiểu (ĐSKK) và sử dụng thuật ngữ này xuyên suốt cuốn sách.",
	"Nhom_Sach": {
		"Ten_the_loai": "Khoa học",
		"Tac_gia": "Nguyễn Ánh",
		"Nha_phat_hanh": "Fahasha"
	}
}