{
	"Ten": "Sách khoa học 2",
	"Ma_so": "Sach_2",
	"Don_gia_Ban": "324000",
	"Mo_ta": "Vì đối tượng đang xem xét là đồ sứ chứ không phải đồ gốm, do thành phần kaolin có trong xương sứ với hàm lượng cao và sự nóng chảy của xương sứ chứng tỏ nhiệt độ nung đã vượt quá 1.300oC, là nhiệt độ để tạo ra sản phẩm đồ sứ theo đúng nghĩa của từ này",
	"Nhom_Sach": {
		"Ten_the_loai": "Khoa học",
		"Tac_gia": "Kim Dung",
		"Nha_phat_hanh": "NXB Trẻ"
	}
}