{
	"Ten": "Sách thể thao 5",
	"Ma_so": "Sach_11",
	"Don_gia_Ban": 504000,
	
	"Mo_ta":"Chắc chắn những bài viết trong công trình này còn có thiếu sót, bất cập, đặc biệt là góc nhìn học thuật về du lịch và du lịch học. Rất mong quý bạn đọc chân thành góp ý để chúng tôi có cơ hội học hỏi thêm các vấn đề về du lịch học trên lý thuyết cũng như trong thực tiễn.",
	"Nhom_Sach": {
		"Ten_the_loai": "Thể thao",
		"Tac_gia":"Quốc Tuấn",
		"Nha_phat_hanh":"Kim Đồng"
	}
}