{
	"Ten": "Sách thể thao 4",
	"Ma_so": "Sach_10",
	"Don_gia_Ban": 394000,
	
	"Mo_ta":"Trong quá trình quản lý, đào tạo và nghiên cứu khoa học về du lịch ở các trường đại học và cao đẳng, chúng tôi đã suy nghĩ và viết một số bài về những lĩnh vực của du lịch. Để góp phần vào sự phát triển của ngành Du lịch nước ta trong thời kỳ Đổi mới, chúng tôi tập hợp những bài viết này trong chuyên luận Du lịch Việt Nam",
	"Nhom_Sach": {
		"Ten_the_loai": "Thể thao",
		"Tac_gia":"Ngọc Trinh",
		"Nha_phat_hanh":"Kim Đồng"
	}
}