{
	"Ten": "Sách khoa học 5",
	"Ma_so": "Sach_5",
	"Don_gia_Ban": "254000",
	
	"Mo_ta":"Lý thuyết và thực tiễn có mối quan hệ biện chứng. Lý thuyết đúng đắn sẽ soi đường cho thực tiễn phát triển. Ngược lại, thực tiễn sẽ bổ sung và làm phong phú lý thuyết. Hiện nay, ngành Du lịch nước ta rất cần nghiên cứu và ứng dụng những lý thuyết về du lịch hiện đại để hoạt động du lịch thích hợp với thời kỳ hội nhập quốc tế.",
	"Nhom_Sach": {
		"Ten_the_loai": "Khoa học",
		"Tac_gia":"Quốc Tuấn",
		"Nha_phat_hanh":"NXB Văn Nghệ"
	}
}