{
	"Ten": "Sách khoa học 6",
	"Ma_so": "Sach_6",
	"Don_gia_Ban": "394000",
	
	"Mo_ta":"Ô nhiễm môi trường, thái độ ứng xử với du khách, xây dựng cơ sở hạ tầng và kỹ thuật, xây dựng sản phẩm đặc thù, nâng cao chất lượng dịch vụ du lịch, đào tạo nguồn nhân lực chuyên nghiệp, nâng cao năng lực cạnh tranh trên thị trường du lịch quốc tế v.v.. Đồng thời, ngành Du lịch cần tập trung nghiên cứu những vấn đề lý luận về du lịch học, văn hóa du lịch, quản trị du lịch để làm cơ sở vững chắc cho sự phát triển du lịch bền vững.",
	"Nhom_Sach": {
		"Ten_the_loai": "Khoa học",
		"Tac_gia":"Ngọc Trinh",
		"Nha_phat_hanh":"NXB Văn Nghệ"
	}
}